Population, Final Best, Initial Best, Copies, Initial Avg, Final Avg
16, 12, 12, 1, 12, 448.5625
16, 12, 12, 1, 12, 198.8125
16, 12, 12, 1, 12, 320.9375
16, 12, 12, 1, 12, 321.6875
32, 3, 3, 0.03125, 58.75, 391.3125
32, 53, 53, 0.25, 58.59375, 501.5625
32, 51, 53, 0.03125, 58.375, 473.875
