Population, Fitness, Copies
32, 51, 0.03125
32, 3, 0.03125
16, 12, 1
16, 12, 1
32, 53, 0.25
16, 12, 1
16, 12, 1
